web-scraper-order,web-scraper-start-url,pages,pages-href,hotel_name,price
"1690653891-1","https://www.tripadvisor.co.uk/Hotels-g150800-Mexico_City_Central_Mexico_and_Gulf_Coast-Hotels.html","6","https://www.tripadvisor.co.uk/Hotels-g150800-oa150-Mexico_City_Central_Mexico_and_Gulf_Coast-Hotels.html","151. Hotel Villa Condesa",""
"1690653891-2","https://www.tripadvisor.co.uk/Hotels-g150800-Mexico_City_Central_Mexico_and_Gulf_Coast-Hotels.html","6","https://www.tripadvisor.co.uk/Hotels-g150800-oa150-Mexico_City_Central_Mexico_and_Gulf_Coast-Hotels.html","152. Condesa DF",""
"1690653891-3","https://www.tripadvisor.co.uk/Hotels-g150800-Mexico_City_Central_Mexico_and_Gulf_Coast-Hotels.html","6","https://www.tripadvisor.co.uk/Hotels-g150800-oa150-Mexico_City_Central_Mexico_and_Gulf_Coast-Hotels.html","153. Design Hotel Mumedi",""
"1690653891-4","https://www.tripadvisor.co.uk/Hotels-g150800-Mexico_City_Central_Mexico_and_Gulf_Coast-Hotels.html","6","https://www.tripadvisor.co.uk/Hotels-g150800-oa150-Mexico_City_Central_Mexico_and_Gulf_Coast-Hotels.html","154. Hotel Aeropuerto",""
"1690653891-5","https://www.tripadvisor.co.uk/Hotels-g150800-Mexico_City_Central_Mexico_and_Gulf_Coast-Hotels.html","6","https://www.tripadvisor.co.uk/Hotels-g150800-oa150-Mexico_City_Central_Mexico_and_Gulf_Coast-Hotels.html","155. Marquis Sky Suites",""
"1690653891-6","https://www.tripadvisor.co.uk/Hotels-g150800-Mexico_City_Central_Mexico_and_Gulf_Coast-Hotels.html","6","https://www.tripadvisor.co.uk/Hotels-g150800-oa150-Mexico_City_Central_Mexico_and_Gulf_Coast-Hotels.html","156. TRYP by Wyndham Mexico City World Trade Center Area",""
"1690653891-7","https://www.tripadvisor.co.uk/Hotels-g150800-Mexico_City_Central_Mexico_and_Gulf_Coast-Hotels.html","6","https://www.tripadvisor.co.uk/Hotels-g150800-oa150-Mexico_City_Central_Mexico_and_Gulf_Coast-Hotels.html","157. Suites Contempo",""
"1690653891-8","https://www.tripadvisor.co.uk/Hotels-g150800-Mexico_City_Central_Mexico_and_Gulf_Coast-Hotels.html","6","https://www.tripadvisor.co.uk/Hotels-g150800-oa150-Mexico_City_Central_Mexico_and_Gulf_Coast-Hotels.html","158. Ibis Mexico Alameda",""
"1690653891-9","https://www.tripadvisor.co.uk/Hotels-g150800-Mexico_City_Central_Mexico_and_Gulf_Coast-Hotels.html","6","https://www.tripadvisor.co.uk/Hotels-g150800-oa150-Mexico_City_Central_Mexico_and_Gulf_Coast-Hotels.html","159. Hotel Century Reforma",""
"1690653891-10","https://www.tripadvisor.co.uk/Hotels-g150800-Mexico_City_Central_Mexico_and_Gulf_Coast-Hotels.html","6","https://www.tripadvisor.co.uk/Hotels-g150800-oa150-Mexico_City_Central_Mexico_and_Gulf_Coast-Hotels.html","160. Camino Real Pedregal",""
"1690653891-11","https://www.tripadvisor.co.uk/Hotels-g150800-Mexico_City_Central_Mexico_and_Gulf_Coast-Hotels.html","6","https://www.tripadvisor.co.uk/Hotels-g150800-oa150-Mexico_City_Central_Mexico_and_Gulf_Coast-Hotels.html","161. Fiesta Inn Ciudad de Mexico Forum Buenavista",""
"1690653891-12","https://www.tripadvisor.co.uk/Hotels-g150800-Mexico_City_Central_Mexico_and_Gulf_Coast-Hotels.html","6","https://www.tripadvisor.co.uk/Hotels-g150800-oa150-Mexico_City_Central_Mexico_and_Gulf_Coast-Hotels.html","162. One Ciudad de Mexico Patriotismo",""
"1690653891-13","https://www.tripadvisor.co.uk/Hotels-g150800-Mexico_City_Central_Mexico_and_Gulf_Coast-Hotels.html","6","https://www.tripadvisor.co.uk/Hotels-g150800-oa150-Mexico_City_Central_Mexico_and_Gulf_Coast-Hotels.html","163. Hotel Bristol",""
"1690653891-14","https://www.tripadvisor.co.uk/Hotels-g150800-Mexico_City_Central_Mexico_and_Gulf_Coast-Hotels.html","6","https://www.tripadvisor.co.uk/Hotels-g150800-oa150-Mexico_City_Central_Mexico_and_Gulf_Coast-Hotels.html","164. AC Hotel by Marriott Santa Fe",""
"1690653891-15","https://www.tripadvisor.co.uk/Hotels-g150800-Mexico_City_Central_Mexico_and_Gulf_Coast-Hotels.html","6","https://www.tripadvisor.co.uk/Hotels-g150800-oa150-Mexico_City_Central_Mexico_and_Gulf_Coast-Hotels.html","165. Holiday Inn Ciudad de Mexico-Trade Center, an IHG Hotel",""
"1690653891-16","https://www.tripadvisor.co.uk/Hotels-g150800-Mexico_City_Central_Mexico_and_Gulf_Coast-Hotels.html","6","https://www.tripadvisor.co.uk/Hotels-g150800-oa150-Mexico_City_Central_Mexico_and_Gulf_Coast-Hotels.html","166. Exe Alameda Reforma",""
"1690653891-17","https://www.tripadvisor.co.uk/Hotels-g150800-Mexico_City_Central_Mexico_and_Gulf_Coast-Hotels.html","6","https://www.tripadvisor.co.uk/Hotels-g150800-oa150-Mexico_City_Central_Mexico_and_Gulf_Coast-Hotels.html","167. Ramada by Wyndham Mexico City Santa Fe",""
"1690653891-18","https://www.tripadvisor.co.uk/Hotels-g150800-Mexico_City_Central_Mexico_and_Gulf_Coast-Hotels.html","6","https://www.tripadvisor.co.uk/Hotels-g150800-oa150-Mexico_City_Central_Mexico_and_Gulf_Coast-Hotels.html","168. Casa Tuna",""
"1690653891-19","https://www.tripadvisor.co.uk/Hotels-g150800-Mexico_City_Central_Mexico_and_Gulf_Coast-Hotels.html","6","https://www.tripadvisor.co.uk/Hotels-g150800-oa150-Mexico_City_Central_Mexico_and_Gulf_Coast-Hotels.html","169. Hotel SR92",""
"1690653891-20","https://www.tripadvisor.co.uk/Hotels-g150800-Mexico_City_Central_Mexico_and_Gulf_Coast-Hotels.html","6","https://www.tripadvisor.co.uk/Hotels-g150800-oa150-Mexico_City_Central_Mexico_and_Gulf_Coast-Hotels.html","170. Residence L'Heritage Aristoteles 225",""
"1690653891-21","https://www.tripadvisor.co.uk/Hotels-g150800-Mexico_City_Central_Mexico_and_Gulf_Coast-Hotels.html","6","https://www.tripadvisor.co.uk/Hotels-g150800-oa150-Mexico_City_Central_Mexico_and_Gulf_Coast-Hotels.html","171. Capital O Andrade",""
"1690653891-22","https://www.tripadvisor.co.uk/Hotels-g150800-Mexico_City_Central_Mexico_and_Gulf_Coast-Hotels.html","6","https://www.tripadvisor.co.uk/Hotels-g150800-oa150-Mexico_City_Central_Mexico_and_Gulf_Coast-Hotels.html","172. CASA MX Alameda",""
"1690653891-23","https://www.tripadvisor.co.uk/Hotels-g150800-Mexico_City_Central_Mexico_and_Gulf_Coast-Hotels.html","6","https://www.tripadvisor.co.uk/Hotels-g150800-oa150-Mexico_City_Central_Mexico_and_Gulf_Coast-Hotels.html","173. Ayenda Continental Mexicano",""
"1690653891-24","https://www.tripadvisor.co.uk/Hotels-g150800-Mexico_City_Central_Mexico_and_Gulf_Coast-Hotels.html","6","https://www.tripadvisor.co.uk/Hotels-g150800-oa150-Mexico_City_Central_Mexico_and_Gulf_Coast-Hotels.html","174. Hotel Palace",""
"1690653891-25","https://www.tripadvisor.co.uk/Hotels-g150800-Mexico_City_Central_Mexico_and_Gulf_Coast-Hotels.html","6","https://www.tripadvisor.co.uk/Hotels-g150800-oa150-Mexico_City_Central_Mexico_and_Gulf_Coast-Hotels.html","175. Alia Inn Boutique",""
"1690653891-26","https://www.tripadvisor.co.uk/Hotels-g150800-Mexico_City_Central_Mexico_and_Gulf_Coast-Hotels.html","6","https://www.tripadvisor.co.uk/Hotels-g150800-oa150-Mexico_City_Central_Mexico_and_Gulf_Coast-Hotels.html","176. ULIV Apartments - Polanco II",""
"1690653891-27","https://www.tripadvisor.co.uk/Hotels-g150800-Mexico_City_Central_Mexico_and_Gulf_Coast-Hotels.html","6","https://www.tripadvisor.co.uk/Hotels-g150800-oa150-Mexico_City_Central_Mexico_and_Gulf_Coast-Hotels.html","177. Sleep Inn Ciudad De Mexico Cuajimalpa",""
"1690653891-28","https://www.tripadvisor.co.uk/Hotels-g150800-Mexico_City_Central_Mexico_and_Gulf_Coast-Hotels.html","6","https://www.tripadvisor.co.uk/Hotels-g150800-oa150-Mexico_City_Central_Mexico_and_Gulf_Coast-Hotels.html","178. Hotel Inn Sur",""
"1690653891-29","https://www.tripadvisor.co.uk/Hotels-g150800-Mexico_City_Central_Mexico_and_Gulf_Coast-Hotels.html","6","https://www.tripadvisor.co.uk/Hotels-g150800-oa150-Mexico_City_Central_Mexico_and_Gulf_Coast-Hotels.html","179. Hotel Tacubaya",""
"1690653891-30","https://www.tripadvisor.co.uk/Hotels-g150800-Mexico_City_Central_Mexico_and_Gulf_Coast-Hotels.html","6","https://www.tripadvisor.co.uk/Hotels-g150800-oa150-Mexico_City_Central_Mexico_and_Gulf_Coast-Hotels.html","180. Hotel Seoul",""
"1690653891-31","https://www.tripadvisor.co.uk/Hotels-g150800-Mexico_City_Central_Mexico_and_Gulf_Coast-Hotels.html","6","https://www.tripadvisor.co.uk/Hotels-g150800-oa150-Mexico_City_Central_Mexico_and_Gulf_Coast-Hotels.html","","£157"
"1690653891-32","https://www.tripadvisor.co.uk/Hotels-g150800-Mexico_City_Central_Mexico_and_Gulf_Coast-Hotels.html","6","https://www.tripadvisor.co.uk/Hotels-g150800-oa150-Mexico_City_Central_Mexico_and_Gulf_Coast-Hotels.html","","£383"
"1690653891-33","https://www.tripadvisor.co.uk/Hotels-g150800-Mexico_City_Central_Mexico_and_Gulf_Coast-Hotels.html","6","https://www.tripadvisor.co.uk/Hotels-g150800-oa150-Mexico_City_Central_Mexico_and_Gulf_Coast-Hotels.html","","£354"
"1690653891-34","https://www.tripadvisor.co.uk/Hotels-g150800-Mexico_City_Central_Mexico_and_Gulf_Coast-Hotels.html","6","https://www.tripadvisor.co.uk/Hotels-g150800-oa150-Mexico_City_Central_Mexico_and_Gulf_Coast-Hotels.html","","£70"
"1690653891-35","https://www.tripadvisor.co.uk/Hotels-g150800-Mexico_City_Central_Mexico_and_Gulf_Coast-Hotels.html","6","https://www.tripadvisor.co.uk/Hotels-g150800-oa150-Mexico_City_Central_Mexico_and_Gulf_Coast-Hotels.html","","£339"
"1690653891-36","https://www.tripadvisor.co.uk/Hotels-g150800-Mexico_City_Central_Mexico_and_Gulf_Coast-Hotels.html","6","https://www.tripadvisor.co.uk/Hotels-g150800-oa150-Mexico_City_Central_Mexico_and_Gulf_Coast-Hotels.html","","£63"
"1690653891-37","https://www.tripadvisor.co.uk/Hotels-g150800-Mexico_City_Central_Mexico_and_Gulf_Coast-Hotels.html","6","https://www.tripadvisor.co.uk/Hotels-g150800-oa150-Mexico_City_Central_Mexico_and_Gulf_Coast-Hotels.html","","£100"
"1690653891-38","https://www.tripadvisor.co.uk/Hotels-g150800-Mexico_City_Central_Mexico_and_Gulf_Coast-Hotels.html","6","https://www.tripadvisor.co.uk/Hotels-g150800-oa150-Mexico_City_Central_Mexico_and_Gulf_Coast-Hotels.html","","£75"
"1690653891-39","https://www.tripadvisor.co.uk/Hotels-g150800-Mexico_City_Central_Mexico_and_Gulf_Coast-Hotels.html","6","https://www.tripadvisor.co.uk/Hotels-g150800-oa150-Mexico_City_Central_Mexico_and_Gulf_Coast-Hotels.html","","£62"
"1690653891-40","https://www.tripadvisor.co.uk/Hotels-g150800-Mexico_City_Central_Mexico_and_Gulf_Coast-Hotels.html","6","https://www.tripadvisor.co.uk/Hotels-g150800-oa150-Mexico_City_Central_Mexico_and_Gulf_Coast-Hotels.html","","£92"
"1690653891-41","https://www.tripadvisor.co.uk/Hotels-g150800-Mexico_City_Central_Mexico_and_Gulf_Coast-Hotels.html","6","https://www.tripadvisor.co.uk/Hotels-g150800-oa150-Mexico_City_Central_Mexico_and_Gulf_Coast-Hotels.html","","£60"
"1690653891-42","https://www.tripadvisor.co.uk/Hotels-g150800-Mexico_City_Central_Mexico_and_Gulf_Coast-Hotels.html","6","https://www.tripadvisor.co.uk/Hotels-g150800-oa150-Mexico_City_Central_Mexico_and_Gulf_Coast-Hotels.html","","£75"
"1690653891-43","https://www.tripadvisor.co.uk/Hotels-g150800-Mexico_City_Central_Mexico_and_Gulf_Coast-Hotels.html","6","https://www.tripadvisor.co.uk/Hotels-g150800-oa150-Mexico_City_Central_Mexico_and_Gulf_Coast-Hotels.html","","£55"
"1690653891-44","https://www.tripadvisor.co.uk/Hotels-g150800-Mexico_City_Central_Mexico_and_Gulf_Coast-Hotels.html","6","https://www.tripadvisor.co.uk/Hotels-g150800-oa150-Mexico_City_Central_Mexico_and_Gulf_Coast-Hotels.html","","£78"
"1690653891-45","https://www.tripadvisor.co.uk/Hotels-g150800-Mexico_City_Central_Mexico_and_Gulf_Coast-Hotels.html","6","https://www.tripadvisor.co.uk/Hotels-g150800-oa150-Mexico_City_Central_Mexico_and_Gulf_Coast-Hotels.html","","£92"
"1690653891-46","https://www.tripadvisor.co.uk/Hotels-g150800-Mexico_City_Central_Mexico_and_Gulf_Coast-Hotels.html","6","https://www.tripadvisor.co.uk/Hotels-g150800-oa150-Mexico_City_Central_Mexico_and_Gulf_Coast-Hotels.html","","£65"
"1690653891-47","https://www.tripadvisor.co.uk/Hotels-g150800-Mexico_City_Central_Mexico_and_Gulf_Coast-Hotels.html","6","https://www.tripadvisor.co.uk/Hotels-g150800-oa150-Mexico_City_Central_Mexico_and_Gulf_Coast-Hotels.html","","£60"
"1690653891-48","https://www.tripadvisor.co.uk/Hotels-g150800-Mexico_City_Central_Mexico_and_Gulf_Coast-Hotels.html","6","https://www.tripadvisor.co.uk/Hotels-g150800-oa150-Mexico_City_Central_Mexico_and_Gulf_Coast-Hotels.html","","£125"
"1690653891-49","https://www.tripadvisor.co.uk/Hotels-g150800-Mexico_City_Central_Mexico_and_Gulf_Coast-Hotels.html","6","https://www.tripadvisor.co.uk/Hotels-g150800-oa150-Mexico_City_Central_Mexico_and_Gulf_Coast-Hotels.html","","£33"
"1690653891-50","https://www.tripadvisor.co.uk/Hotels-g150800-Mexico_City_Central_Mexico_and_Gulf_Coast-Hotels.html","6","https://www.tripadvisor.co.uk/Hotels-g150800-oa150-Mexico_City_Central_Mexico_and_Gulf_Coast-Hotels.html","","£78"
"1690653891-51","https://www.tripadvisor.co.uk/Hotels-g150800-Mexico_City_Central_Mexico_and_Gulf_Coast-Hotels.html","6","https://www.tripadvisor.co.uk/Hotels-g150800-oa150-Mexico_City_Central_Mexico_and_Gulf_Coast-Hotels.html","","£43"
"1690653891-52","https://www.tripadvisor.co.uk/Hotels-g150800-Mexico_City_Central_Mexico_and_Gulf_Coast-Hotels.html","6","https://www.tripadvisor.co.uk/Hotels-g150800-oa150-Mexico_City_Central_Mexico_and_Gulf_Coast-Hotels.html","","£21"
"1690653891-53","https://www.tripadvisor.co.uk/Hotels-g150800-Mexico_City_Central_Mexico_and_Gulf_Coast-Hotels.html","6","https://www.tripadvisor.co.uk/Hotels-g150800-oa150-Mexico_City_Central_Mexico_and_Gulf_Coast-Hotels.html","","£55"
"1690653891-54","https://www.tripadvisor.co.uk/Hotels-g150800-Mexico_City_Central_Mexico_and_Gulf_Coast-Hotels.html","6","https://www.tripadvisor.co.uk/Hotels-g150800-oa150-Mexico_City_Central_Mexico_and_Gulf_Coast-Hotels.html","","£56"
"1690653891-55","https://www.tripadvisor.co.uk/Hotels-g150800-Mexico_City_Central_Mexico_and_Gulf_Coast-Hotels.html","6","https://www.tripadvisor.co.uk/Hotels-g150800-oa150-Mexico_City_Central_Mexico_and_Gulf_Coast-Hotels.html","","£82"
"1690653891-56","https://www.tripadvisor.co.uk/Hotels-g150800-Mexico_City_Central_Mexico_and_Gulf_Coast-Hotels.html","6","https://www.tripadvisor.co.uk/Hotels-g150800-oa150-Mexico_City_Central_Mexico_and_Gulf_Coast-Hotels.html","","£144"
"1690653891-57","https://www.tripadvisor.co.uk/Hotels-g150800-Mexico_City_Central_Mexico_and_Gulf_Coast-Hotels.html","6","https://www.tripadvisor.co.uk/Hotels-g150800-oa150-Mexico_City_Central_Mexico_and_Gulf_Coast-Hotels.html","","£63"
"1690653891-58","https://www.tripadvisor.co.uk/Hotels-g150800-Mexico_City_Central_Mexico_and_Gulf_Coast-Hotels.html","6","https://www.tripadvisor.co.uk/Hotels-g150800-oa150-Mexico_City_Central_Mexico_and_Gulf_Coast-Hotels.html","","£52"
"1690653891-59","https://www.tripadvisor.co.uk/Hotels-g150800-Mexico_City_Central_Mexico_and_Gulf_Coast-Hotels.html","6","https://www.tripadvisor.co.uk/Hotels-g150800-oa150-Mexico_City_Central_Mexico_and_Gulf_Coast-Hotels.html","","£36"
"1690653891-60","https://www.tripadvisor.co.uk/Hotels-g150800-Mexico_City_Central_Mexico_and_Gulf_Coast-Hotels.html","6","https://www.tripadvisor.co.uk/Hotels-g150800-oa150-Mexico_City_Central_Mexico_and_Gulf_Coast-Hotels.html","","£32"
"1690653902-61","https://www.tripadvisor.co.uk/Hotels-g150800-Mexico_City_Central_Mexico_and_Gulf_Coast-Hotels.html","5","https://www.tripadvisor.co.uk/Hotels-g150800-oa120-Mexico_City_Central_Mexico_and_Gulf_Coast-Hotels.html","121. Fiesta Inn Ecatepec",""
"1690653902-62","https://www.tripadvisor.co.uk/Hotels-g150800-Mexico_City_Central_Mexico_and_Gulf_Coast-Hotels.html","5","https://www.tripadvisor.co.uk/Hotels-g150800-oa120-Mexico_City_Central_Mexico_and_Gulf_Coast-Hotels.html","122. Hotel Canada",""
"1690653902-63","https://www.tripadvisor.co.uk/Hotels-g150800-Mexico_City_Central_Mexico_and_Gulf_Coast-Hotels.html","5","https://www.tripadvisor.co.uk/Hotels-g150800-oa120-Mexico_City_Central_Mexico_and_Gulf_Coast-Hotels.html","123. Casa Decu",""
"1690653902-64","https://www.tripadvisor.co.uk/Hotels-g150800-Mexico_City_Central_Mexico_and_Gulf_Coast-Hotels.html","5","https://www.tripadvisor.co.uk/Hotels-g150800-oa120-Mexico_City_Central_Mexico_and_Gulf_Coast-Hotels.html","124. Fiesta Inn Insurgentes Viaducto",""
"1690653902-65","https://www.tripadvisor.co.uk/Hotels-g150800-Mexico_City_Central_Mexico_and_Gulf_Coast-Hotels.html","5","https://www.tripadvisor.co.uk/Hotels-g150800-oa120-Mexico_City_Central_Mexico_and_Gulf_Coast-Hotels.html","125. Hotel MX Centro",""
"1690653902-66","https://www.tripadvisor.co.uk/Hotels-g150800-Mexico_City_Central_Mexico_and_Gulf_Coast-Hotels.html","5","https://www.tripadvisor.co.uk/Hotels-g150800-oa120-Mexico_City_Central_Mexico_and_Gulf_Coast-Hotels.html","126. Casa de la Luz Hotel Boutique",""
"1690653902-67","https://www.tripadvisor.co.uk/Hotels-g150800-Mexico_City_Central_Mexico_and_Gulf_Coast-Hotels.html","5","https://www.tripadvisor.co.uk/Hotels-g150800-oa120-Mexico_City_Central_Mexico_and_Gulf_Coast-Hotels.html","127. Ignacia Guest House",""
"1690653902-68","https://www.tripadvisor.co.uk/Hotels-g150800-Mexico_City_Central_Mexico_and_Gulf_Coast-Hotels.html","5","https://www.tripadvisor.co.uk/Hotels-g150800-oa120-Mexico_City_Central_Mexico_and_Gulf_Coast-Hotels.html","128. Hotel MX congreso",""
"1690653902-69","https://www.tripadvisor.co.uk/Hotels-g150800-Mexico_City_Central_Mexico_and_Gulf_Coast-Hotels.html","5","https://www.tripadvisor.co.uk/Hotels-g150800-oa120-Mexico_City_Central_Mexico_and_Gulf_Coast-Hotels.html","129. Suites Royal Colonial by BlueBay",""
"1690653902-70","https://www.tripadvisor.co.uk/Hotels-g150800-Mexico_City_Central_Mexico_and_Gulf_Coast-Hotels.html","5","https://www.tripadvisor.co.uk/Hotels-g150800-oa120-Mexico_City_Central_Mexico_and_Gulf_Coast-Hotels.html","130. Fiesta Americana Mexico Toreo",""
"1690653902-71","https://www.tripadvisor.co.uk/Hotels-g150800-Mexico_City_Central_Mexico_and_Gulf_Coast-Hotels.html","5","https://www.tripadvisor.co.uk/Hotels-g150800-oa120-Mexico_City_Central_Mexico_and_Gulf_Coast-Hotels.html","131. El Diplomatico Hotel",""
"1690653902-72","https://www.tripadvisor.co.uk/Hotels-g150800-Mexico_City_Central_Mexico_and_Gulf_Coast-Hotels.html","5","https://www.tripadvisor.co.uk/Hotels-g150800-oa120-Mexico_City_Central_Mexico_and_Gulf_Coast-Hotels.html","132. Pug Seal Anatole France",""
"1690653902-73","https://www.tripadvisor.co.uk/Hotels-g150800-Mexico_City_Central_Mexico_and_Gulf_Coast-Hotels.html","5","https://www.tripadvisor.co.uk/Hotels-g150800-oa120-Mexico_City_Central_Mexico_and_Gulf_Coast-Hotels.html","133. Hotel Gillow",""
"1690653902-74","https://www.tripadvisor.co.uk/Hotels-g150800-Mexico_City_Central_Mexico_and_Gulf_Coast-Hotels.html","5","https://www.tripadvisor.co.uk/Hotels-g150800-oa120-Mexico_City_Central_Mexico_and_Gulf_Coast-Hotels.html","134. Four Seasons Hotel Mexico City",""
"1690653902-75","https://www.tripadvisor.co.uk/Hotels-g150800-Mexico_City_Central_Mexico_and_Gulf_Coast-Hotels.html","5","https://www.tripadvisor.co.uk/Hotels-g150800-oa120-Mexico_City_Central_Mexico_and_Gulf_Coast-Hotels.html","135. Fiesta Inn Plaza Central Aeropuerto",""
"1690653902-76","https://www.tripadvisor.co.uk/Hotels-g150800-Mexico_City_Central_Mexico_and_Gulf_Coast-Hotels.html","5","https://www.tripadvisor.co.uk/Hotels-g150800-oa120-Mexico_City_Central_Mexico_and_Gulf_Coast-Hotels.html","136. Deco Housing",""
"1690653902-77","https://www.tripadvisor.co.uk/Hotels-g150800-Mexico_City_Central_Mexico_and_Gulf_Coast-Hotels.html","5","https://www.tripadvisor.co.uk/Hotels-g150800-oa120-Mexico_City_Central_Mexico_and_Gulf_Coast-Hotels.html","137. City Express CDMX Plaza Central",""
"1690653902-78","https://www.tripadvisor.co.uk/Hotels-g150800-Mexico_City_Central_Mexico_and_Gulf_Coast-Hotels.html","5","https://www.tripadvisor.co.uk/Hotels-g150800-oa120-Mexico_City_Central_Mexico_and_Gulf_Coast-Hotels.html","138. Hotel Casa Gonzalez",""
"1690653902-79","https://www.tripadvisor.co.uk/Hotels-g150800-Mexico_City_Central_Mexico_and_Gulf_Coast-Hotels.html","5","https://www.tripadvisor.co.uk/Hotels-g150800-oa120-Mexico_City_Central_Mexico_and_Gulf_Coast-Hotels.html","139. Capital Suites",""
"1690653902-80","https://www.tripadvisor.co.uk/Hotels-g150800-Mexico_City_Central_Mexico_and_Gulf_Coast-Hotels.html","5","https://www.tripadvisor.co.uk/Hotels-g150800-oa120-Mexico_City_Central_Mexico_and_Gulf_Coast-Hotels.html","140. Corinto Hotel",""
"1690653902-81","https://www.tripadvisor.co.uk/Hotels-g150800-Mexico_City_Central_Mexico_and_Gulf_Coast-Hotels.html","5","https://www.tripadvisor.co.uk/Hotels-g150800-oa120-Mexico_City_Central_Mexico_and_Gulf_Coast-Hotels.html","141. Sofitel México City Reforma",""
"1690653902-82","https://www.tripadvisor.co.uk/Hotels-g150800-Mexico_City_Central_Mexico_and_Gulf_Coast-Hotels.html","5","https://www.tripadvisor.co.uk/Hotels-g150800-oa120-Mexico_City_Central_Mexico_and_Gulf_Coast-Hotels.html","142. Holiday Inn Mexico City-Plaza Universidad, An IHG Hotel",""
"1690653902-83","https://www.tripadvisor.co.uk/Hotels-g150800-Mexico_City_Central_Mexico_and_Gulf_Coast-Hotels.html","5","https://www.tripadvisor.co.uk/Hotels-g150800-oa120-Mexico_City_Central_Mexico_and_Gulf_Coast-Hotels.html","143. Volga",""
"1690653902-84","https://www.tripadvisor.co.uk/Hotels-g150800-Mexico_City_Central_Mexico_and_Gulf_Coast-Hotels.html","5","https://www.tripadvisor.co.uk/Hotels-g150800-oa120-Mexico_City_Central_Mexico_and_Gulf_Coast-Hotels.html","144. FlowSuites Condesa",""
"1690653902-85","https://www.tripadvisor.co.uk/Hotels-g150800-Mexico_City_Central_Mexico_and_Gulf_Coast-Hotels.html","5","https://www.tripadvisor.co.uk/Hotels-g150800-oa120-Mexico_City_Central_Mexico_and_Gulf_Coast-Hotels.html","145. Hotel Cuba",""
"1690653902-86","https://www.tripadvisor.co.uk/Hotels-g150800-Mexico_City_Central_Mexico_and_Gulf_Coast-Hotels.html","5","https://www.tripadvisor.co.uk/Hotels-g150800-oa120-Mexico_City_Central_Mexico_and_Gulf_Coast-Hotels.html","146. Casa Malí by Dominion",""
"1690653902-87","https://www.tripadvisor.co.uk/Hotels-g150800-Mexico_City_Central_Mexico_and_Gulf_Coast-Hotels.html","5","https://www.tripadvisor.co.uk/Hotels-g150800-oa120-Mexico_City_Central_Mexico_and_Gulf_Coast-Hotels.html","147. Hostal Amigo",""
"1690653902-88","https://www.tripadvisor.co.uk/Hotels-g150800-Mexico_City_Central_Mexico_and_Gulf_Coast-Hotels.html","5","https://www.tripadvisor.co.uk/Hotels-g150800-oa120-Mexico_City_Central_Mexico_and_Gulf_Coast-Hotels.html","148. Sevilla Palace",""
"1690653902-89","https://www.tripadvisor.co.uk/Hotels-g150800-Mexico_City_Central_Mexico_and_Gulf_Coast-Hotels.html","5","https://www.tripadvisor.co.uk/Hotels-g150800-oa120-Mexico_City_Central_Mexico_and_Gulf_Coast-Hotels.html","149. Kali Escandón Mexico City",""
"1690653902-90","https://www.tripadvisor.co.uk/Hotels-g150800-Mexico_City_Central_Mexico_and_Gulf_Coast-Hotels.html","5","https://www.tripadvisor.co.uk/Hotels-g150800-oa120-Mexico_City_Central_Mexico_and_Gulf_Coast-Hotels.html","150. Hilton Mexico City Santa Fe",""
"1690653909-91","https://www.tripadvisor.co.uk/Hotels-g150800-Mexico_City_Central_Mexico_and_Gulf_Coast-Hotels.html","4","https://www.tripadvisor.co.uk/Hotels-g150800-oa90-Mexico_City_Central_Mexico_and_Gulf_Coast-Hotels.html","91. The Wild Oscar",""
"1690653909-92","https://www.tripadvisor.co.uk/Hotels-g150800-Mexico_City_Central_Mexico_and_Gulf_Coast-Hotels.html","4","https://www.tripadvisor.co.uk/Hotels-g150800-oa90-Mexico_City_Central_Mexico_and_Gulf_Coast-Hotels.html","92. Sofitel México City Reforma",""
"1690653909-93","https://www.tripadvisor.co.uk/Hotels-g150800-Mexico_City_Central_Mexico_and_Gulf_Coast-Hotels.html","4","https://www.tripadvisor.co.uk/Hotels-g150800-oa90-Mexico_City_Central_Mexico_and_Gulf_Coast-Hotels.html","93. Camino Real Aeropuerto",""
"1690653909-94","https://www.tripadvisor.co.uk/Hotels-g150800-Mexico_City_Central_Mexico_and_Gulf_Coast-Hotels.html","4","https://www.tripadvisor.co.uk/Hotels-g150800-oa90-Mexico_City_Central_Mexico_and_Gulf_Coast-Hotels.html","94. Pug Seal Anatole France",""
"1690653909-95","https://www.tripadvisor.co.uk/Hotels-g150800-Mexico_City_Central_Mexico_and_Gulf_Coast-Hotels.html","4","https://www.tripadvisor.co.uk/Hotels-g150800-oa90-Mexico_City_Central_Mexico_and_Gulf_Coast-Hotels.html","95. Fiesta Americana Mexico Toreo",""
"1690653909-96","https://www.tripadvisor.co.uk/Hotels-g150800-Mexico_City_Central_Mexico_and_Gulf_Coast-Hotels.html","4","https://www.tripadvisor.co.uk/Hotels-g150800-oa90-Mexico_City_Central_Mexico_and_Gulf_Coast-Hotels.html","96. H21 Hospedaje Boutique",""
"1690653909-97","https://www.tripadvisor.co.uk/Hotels-g150800-Mexico_City_Central_Mexico_and_Gulf_Coast-Hotels.html","4","https://www.tripadvisor.co.uk/Hotels-g150800-oa90-Mexico_City_Central_Mexico_and_Gulf_Coast-Hotels.html","97. Krystal Urban Aeropuerto Cd De México",""
"1690653909-98","https://www.tripadvisor.co.uk/Hotels-g150800-Mexico_City_Central_Mexico_and_Gulf_Coast-Hotels.html","4","https://www.tripadvisor.co.uk/Hotels-g150800-oa90-Mexico_City_Central_Mexico_and_Gulf_Coast-Hotels.html","98. Casa Decu",""
"1690653909-99","https://www.tripadvisor.co.uk/Hotels-g150800-Mexico_City_Central_Mexico_and_Gulf_Coast-Hotels.html","4","https://www.tripadvisor.co.uk/Hotels-g150800-oa90-Mexico_City_Central_Mexico_and_Gulf_Coast-Hotels.html","99. Hotel MX Centro",""
"1690653909-100","https://www.tripadvisor.co.uk/Hotels-g150800-Mexico_City_Central_Mexico_and_Gulf_Coast-Hotels.html","4","https://www.tripadvisor.co.uk/Hotels-g150800-oa90-Mexico_City_Central_Mexico_and_Gulf_Coast-Hotels.html","100. Mondrian Mexico City Condesa",""
"1690653909-101","https://www.tripadvisor.co.uk/Hotels-g150800-Mexico_City_Central_Mexico_and_Gulf_Coast-Hotels.html","4","https://www.tripadvisor.co.uk/Hotels-g150800-oa90-Mexico_City_Central_Mexico_and_Gulf_Coast-Hotels.html","101. Fiesta Inn Plaza Central Aeropuerto",""
"1690653909-102","https://www.tripadvisor.co.uk/Hotels-g150800-Mexico_City_Central_Mexico_and_Gulf_Coast-Hotels.html","4","https://www.tripadvisor.co.uk/Hotels-g150800-oa90-Mexico_City_Central_Mexico_and_Gulf_Coast-Hotels.html","102. Fiesta Inn Ecatepec",""
"1690653909-103","https://www.tripadvisor.co.uk/Hotels-g150800-Mexico_City_Central_Mexico_and_Gulf_Coast-Hotels.html","4","https://www.tripadvisor.co.uk/Hotels-g150800-oa90-Mexico_City_Central_Mexico_and_Gulf_Coast-Hotels.html","103. Hotel MX congreso",""
"1690653909-104","https://www.tripadvisor.co.uk/Hotels-g150800-Mexico_City_Central_Mexico_and_Gulf_Coast-Hotels.html","4","https://www.tripadvisor.co.uk/Hotels-g150800-oa90-Mexico_City_Central_Mexico_and_Gulf_Coast-Hotels.html","104. Hotel Gillow",""
"1690653909-105","https://www.tripadvisor.co.uk/Hotels-g150800-Mexico_City_Central_Mexico_and_Gulf_Coast-Hotels.html","4","https://www.tripadvisor.co.uk/Hotels-g150800-oa90-Mexico_City_Central_Mexico_and_Gulf_Coast-Hotels.html","105. El Diplomatico Hotel",""
"1690653909-106","https://www.tripadvisor.co.uk/Hotels-g150800-Mexico_City_Central_Mexico_and_Gulf_Coast-Hotels.html","4","https://www.tripadvisor.co.uk/Hotels-g150800-oa90-Mexico_City_Central_Mexico_and_Gulf_Coast-Hotels.html","106. Hyatt Regency Mexico City Insurgentes",""
"1690653909-107","https://www.tripadvisor.co.uk/Hotels-g150800-Mexico_City_Central_Mexico_and_Gulf_Coast-Hotels.html","4","https://www.tripadvisor.co.uk/Hotels-g150800-oa90-Mexico_City_Central_Mexico_and_Gulf_Coast-Hotels.html","107. Fiesta Inn Insurgentes Viaducto",""
"1690653909-108","https://www.tripadvisor.co.uk/Hotels-g150800-Mexico_City_Central_Mexico_and_Gulf_Coast-Hotels.html","4","https://www.tripadvisor.co.uk/Hotels-g150800-oa90-Mexico_City_Central_Mexico_and_Gulf_Coast-Hotels.html","108. DoubleTree by Hilton Hotel México City Santa Fe",""
"1690653909-109","https://www.tripadvisor.co.uk/Hotels-g150800-Mexico_City_Central_Mexico_and_Gulf_Coast-Hotels.html","4","https://www.tripadvisor.co.uk/Hotels-g150800-oa90-Mexico_City_Central_Mexico_and_Gulf_Coast-Hotels.html","109. Hotel Casa Gonzalez",""
"1690653909-110","https://www.tripadvisor.co.uk/Hotels-g150800-Mexico_City_Central_Mexico_and_Gulf_Coast-Hotels.html","4","https://www.tripadvisor.co.uk/Hotels-g150800-oa90-Mexico_City_Central_Mexico_and_Gulf_Coast-Hotels.html","110. Suites Royal Colonial by BlueBay",""
"1690653909-111","https://www.tripadvisor.co.uk/Hotels-g150800-Mexico_City_Central_Mexico_and_Gulf_Coast-Hotels.html","4","https://www.tripadvisor.co.uk/Hotels-g150800-oa90-Mexico_City_Central_Mexico_and_Gulf_Coast-Hotels.html","111. Ayenda Imperial Reforma",""
"1690653909-112","https://www.tripadvisor.co.uk/Hotels-g150800-Mexico_City_Central_Mexico_and_Gulf_Coast-Hotels.html","4","https://www.tripadvisor.co.uk/Hotels-g150800-oa90-Mexico_City_Central_Mexico_and_Gulf_Coast-Hotels.html","112. Mallorca Hotel",""
"1690653909-113","https://www.tripadvisor.co.uk/Hotels-g150800-Mexico_City_Central_Mexico_and_Gulf_Coast-Hotels.html","4","https://www.tripadvisor.co.uk/Hotels-g150800-oa90-Mexico_City_Central_Mexico_and_Gulf_Coast-Hotels.html","113. City Express CDMX Plaza Central",""
"1690653909-114","https://www.tripadvisor.co.uk/Hotels-g150800-Mexico_City_Central_Mexico_and_Gulf_Coast-Hotels.html","4","https://www.tripadvisor.co.uk/Hotels-g150800-oa90-Mexico_City_Central_Mexico_and_Gulf_Coast-Hotels.html","114. Hotel Templo Mayor",""
"1690653909-115","https://www.tripadvisor.co.uk/Hotels-g150800-Mexico_City_Central_Mexico_and_Gulf_Coast-Hotels.html","4","https://www.tripadvisor.co.uk/Hotels-g150800-oa90-Mexico_City_Central_Mexico_and_Gulf_Coast-Hotels.html","115. Holiday Inn Mexico City-Plaza Universidad, An IHG Hotel",""
"1690653909-116","https://www.tripadvisor.co.uk/Hotels-g150800-Mexico_City_Central_Mexico_and_Gulf_Coast-Hotels.html","4","https://www.tripadvisor.co.uk/Hotels-g150800-oa90-Mexico_City_Central_Mexico_and_Gulf_Coast-Hotels.html","116. Viajero Cdmx Centro Hostel",""
"1690653909-117","https://www.tripadvisor.co.uk/Hotels-g150800-Mexico_City_Central_Mexico_and_Gulf_Coast-Hotels.html","4","https://www.tripadvisor.co.uk/Hotels-g150800-oa90-Mexico_City_Central_Mexico_and_Gulf_Coast-Hotels.html","117. Corinto Hotel",""
"1690653909-118","https://www.tripadvisor.co.uk/Hotels-g150800-Mexico_City_Central_Mexico_and_Gulf_Coast-Hotels.html","4","https://www.tripadvisor.co.uk/Hotels-g150800-oa90-Mexico_City_Central_Mexico_and_Gulf_Coast-Hotels.html","118. Capital Suites",""
"1690653909-119","https://www.tripadvisor.co.uk/Hotels-g150800-Mexico_City_Central_Mexico_and_Gulf_Coast-Hotels.html","4","https://www.tripadvisor.co.uk/Hotels-g150800-oa90-Mexico_City_Central_Mexico_and_Gulf_Coast-Hotels.html","119. Deco Housing",""
"1690653909-120","https://www.tripadvisor.co.uk/Hotels-g150800-Mexico_City_Central_Mexico_and_Gulf_Coast-Hotels.html","4","https://www.tripadvisor.co.uk/Hotels-g150800-oa90-Mexico_City_Central_Mexico_and_Gulf_Coast-Hotels.html","120. Four Seasons Hotel Mexico City",""
"1690653909-121","https://www.tripadvisor.co.uk/Hotels-g150800-Mexico_City_Central_Mexico_and_Gulf_Coast-Hotels.html","4","https://www.tripadvisor.co.uk/Hotels-g150800-oa90-Mexico_City_Central_Mexico_and_Gulf_Coast-Hotels.html","","£264"
"1690653909-122","https://www.tripadvisor.co.uk/Hotels-g150800-Mexico_City_Central_Mexico_and_Gulf_Coast-Hotels.html","4","https://www.tripadvisor.co.uk/Hotels-g150800-oa90-Mexico_City_Central_Mexico_and_Gulf_Coast-Hotels.html","","£343"
"1690653909-123","https://www.tripadvisor.co.uk/Hotels-g150800-Mexico_City_Central_Mexico_and_Gulf_Coast-Hotels.html","4","https://www.tripadvisor.co.uk/Hotels-g150800-oa90-Mexico_City_Central_Mexico_and_Gulf_Coast-Hotels.html","","£150"
"1690653909-124","https://www.tripadvisor.co.uk/Hotels-g150800-Mexico_City_Central_Mexico_and_Gulf_Coast-Hotels.html","4","https://www.tripadvisor.co.uk/Hotels-g150800-oa90-Mexico_City_Central_Mexico_and_Gulf_Coast-Hotels.html","","£202"
"1690653909-125","https://www.tripadvisor.co.uk/Hotels-g150800-Mexico_City_Central_Mexico_and_Gulf_Coast-Hotels.html","4","https://www.tripadvisor.co.uk/Hotels-g150800-oa90-Mexico_City_Central_Mexico_and_Gulf_Coast-Hotels.html","","£140"
"1690653909-126","https://www.tripadvisor.co.uk/Hotels-g150800-Mexico_City_Central_Mexico_and_Gulf_Coast-Hotels.html","4","https://www.tripadvisor.co.uk/Hotels-g150800-oa90-Mexico_City_Central_Mexico_and_Gulf_Coast-Hotels.html","","£195"
"1690653909-127","https://www.tripadvisor.co.uk/Hotels-g150800-Mexico_City_Central_Mexico_and_Gulf_Coast-Hotels.html","4","https://www.tripadvisor.co.uk/Hotels-g150800-oa90-Mexico_City_Central_Mexico_and_Gulf_Coast-Hotels.html","","£66"
"1690653909-128","https://www.tripadvisor.co.uk/Hotels-g150800-Mexico_City_Central_Mexico_and_Gulf_Coast-Hotels.html","4","https://www.tripadvisor.co.uk/Hotels-g150800-oa90-Mexico_City_Central_Mexico_and_Gulf_Coast-Hotels.html","","£120"
"1690653909-129","https://www.tripadvisor.co.uk/Hotels-g150800-Mexico_City_Central_Mexico_and_Gulf_Coast-Hotels.html","4","https://www.tripadvisor.co.uk/Hotels-g150800-oa90-Mexico_City_Central_Mexico_and_Gulf_Coast-Hotels.html","","£87"
"1690653909-130","https://www.tripadvisor.co.uk/Hotels-g150800-Mexico_City_Central_Mexico_and_Gulf_Coast-Hotels.html","4","https://www.tripadvisor.co.uk/Hotels-g150800-oa90-Mexico_City_Central_Mexico_and_Gulf_Coast-Hotels.html","","£157"
"1690653909-131","https://www.tripadvisor.co.uk/Hotels-g150800-Mexico_City_Central_Mexico_and_Gulf_Coast-Hotels.html","4","https://www.tripadvisor.co.uk/Hotels-g150800-oa90-Mexico_City_Central_Mexico_and_Gulf_Coast-Hotels.html","","£64"
"1690653909-132","https://www.tripadvisor.co.uk/Hotels-g150800-Mexico_City_Central_Mexico_and_Gulf_Coast-Hotels.html","4","https://www.tripadvisor.co.uk/Hotels-g150800-oa90-Mexico_City_Central_Mexico_and_Gulf_Coast-Hotels.html","","£78"
"1690653909-133","https://www.tripadvisor.co.uk/Hotels-g150800-Mexico_City_Central_Mexico_and_Gulf_Coast-Hotels.html","4","https://www.tripadvisor.co.uk/Hotels-g150800-oa90-Mexico_City_Central_Mexico_and_Gulf_Coast-Hotels.html","","£42"
"1690653909-134","https://www.tripadvisor.co.uk/Hotels-g150800-Mexico_City_Central_Mexico_and_Gulf_Coast-Hotels.html","4","https://www.tripadvisor.co.uk/Hotels-g150800-oa90-Mexico_City_Central_Mexico_and_Gulf_Coast-Hotels.html","","£83"
"1690653909-135","https://www.tripadvisor.co.uk/Hotels-g150800-Mexico_City_Central_Mexico_and_Gulf_Coast-Hotels.html","4","https://www.tripadvisor.co.uk/Hotels-g150800-oa90-Mexico_City_Central_Mexico_and_Gulf_Coast-Hotels.html","","£89"
"1690653909-136","https://www.tripadvisor.co.uk/Hotels-g150800-Mexico_City_Central_Mexico_and_Gulf_Coast-Hotels.html","4","https://www.tripadvisor.co.uk/Hotels-g150800-oa90-Mexico_City_Central_Mexico_and_Gulf_Coast-Hotels.html","","£205"
"1690653909-137","https://www.tripadvisor.co.uk/Hotels-g150800-Mexico_City_Central_Mexico_and_Gulf_Coast-Hotels.html","4","https://www.tripadvisor.co.uk/Hotels-g150800-oa90-Mexico_City_Central_Mexico_and_Gulf_Coast-Hotels.html","","£79"
"1690653909-138","https://www.tripadvisor.co.uk/Hotels-g150800-Mexico_City_Central_Mexico_and_Gulf_Coast-Hotels.html","4","https://www.tripadvisor.co.uk/Hotels-g150800-oa90-Mexico_City_Central_Mexico_and_Gulf_Coast-Hotels.html","","£74"
"1690653909-139","https://www.tripadvisor.co.uk/Hotels-g150800-Mexico_City_Central_Mexico_and_Gulf_Coast-Hotels.html","4","https://www.tripadvisor.co.uk/Hotels-g150800-oa90-Mexico_City_Central_Mexico_and_Gulf_Coast-Hotels.html","","£59"
"1690653909-140","https://www.tripadvisor.co.uk/Hotels-g150800-Mexico_City_Central_Mexico_and_Gulf_Coast-Hotels.html","4","https://www.tripadvisor.co.uk/Hotels-g150800-oa90-Mexico_City_Central_Mexico_and_Gulf_Coast-Hotels.html","","£71"
"1690653909-141","https://www.tripadvisor.co.uk/Hotels-g150800-Mexico_City_Central_Mexico_and_Gulf_Coast-Hotels.html","4","https://www.tripadvisor.co.uk/Hotels-g150800-oa90-Mexico_City_Central_Mexico_and_Gulf_Coast-Hotels.html","","£72"
"1690653909-142","https://www.tripadvisor.co.uk/Hotels-g150800-Mexico_City_Central_Mexico_and_Gulf_Coast-Hotels.html","4","https://www.tripadvisor.co.uk/Hotels-g150800-oa90-Mexico_City_Central_Mexico_and_Gulf_Coast-Hotels.html","","£36"
"1690653909-143","https://www.tripadvisor.co.uk/Hotels-g150800-Mexico_City_Central_Mexico_and_Gulf_Coast-Hotels.html","4","https://www.tripadvisor.co.uk/Hotels-g150800-oa90-Mexico_City_Central_Mexico_and_Gulf_Coast-Hotels.html","","£61"
"1690653909-144","https://www.tripadvisor.co.uk/Hotels-g150800-Mexico_City_Central_Mexico_and_Gulf_Coast-Hotels.html","4","https://www.tripadvisor.co.uk/Hotels-g150800-oa90-Mexico_City_Central_Mexico_and_Gulf_Coast-Hotels.html","","£45"
"1690653909-145","https://www.tripadvisor.co.uk/Hotels-g150800-Mexico_City_Central_Mexico_and_Gulf_Coast-Hotels.html","4","https://www.tripadvisor.co.uk/Hotels-g150800-oa90-Mexico_City_Central_Mexico_and_Gulf_Coast-Hotels.html","","£92"
"1690653909-146","https://www.tripadvisor.co.uk/Hotels-g150800-Mexico_City_Central_Mexico_and_Gulf_Coast-Hotels.html","4","https://www.tripadvisor.co.uk/Hotels-g150800-oa90-Mexico_City_Central_Mexico_and_Gulf_Coast-Hotels.html","","£70"
"1690653909-147","https://www.tripadvisor.co.uk/Hotels-g150800-Mexico_City_Central_Mexico_and_Gulf_Coast-Hotels.html","4","https://www.tripadvisor.co.uk/Hotels-g150800-oa90-Mexico_City_Central_Mexico_and_Gulf_Coast-Hotels.html","","£34"
"1690653909-148","https://www.tripadvisor.co.uk/Hotels-g150800-Mexico_City_Central_Mexico_and_Gulf_Coast-Hotels.html","4","https://www.tripadvisor.co.uk/Hotels-g150800-oa90-Mexico_City_Central_Mexico_and_Gulf_Coast-Hotels.html","","£69"
"1690653909-149","https://www.tripadvisor.co.uk/Hotels-g150800-Mexico_City_Central_Mexico_and_Gulf_Coast-Hotels.html","4","https://www.tripadvisor.co.uk/Hotels-g150800-oa90-Mexico_City_Central_Mexico_and_Gulf_Coast-Hotels.html","","£70"
"1690653909-150","https://www.tripadvisor.co.uk/Hotels-g150800-Mexico_City_Central_Mexico_and_Gulf_Coast-Hotels.html","4","https://www.tripadvisor.co.uk/Hotels-g150800-oa90-Mexico_City_Central_Mexico_and_Gulf_Coast-Hotels.html","","£673"
"1690653932-151","https://www.tripadvisor.co.uk/Hotels-g150800-Mexico_City_Central_Mexico_and_Gulf_Coast-Hotels.html","3","https://www.tripadvisor.co.uk/Hotels-g150800-oa60-Mexico_City_Central_Mexico_and_Gulf_Coast-Hotels.html","61. Pug Seal Allan Poe Suites",""
"1690653932-152","https://www.tripadvisor.co.uk/Hotels-g150800-Mexico_City_Central_Mexico_and_Gulf_Coast-Hotels.html","3","https://www.tripadvisor.co.uk/Hotels-g150800-oa60-Mexico_City_Central_Mexico_and_Gulf_Coast-Hotels.html","62. JW Marriott Hotel Mexico City",""
"1690653932-153","https://www.tripadvisor.co.uk/Hotels-g150800-Mexico_City_Central_Mexico_and_Gulf_Coast-Hotels.html","3","https://www.tripadvisor.co.uk/Hotels-g150800-oa60-Mexico_City_Central_Mexico_and_Gulf_Coast-Hotels.html","63. Hotel Downtown Mexico",""
"1690653932-154","https://www.tripadvisor.co.uk/Hotels-g150800-Mexico_City_Central_Mexico_and_Gulf_Coast-Hotels.html","3","https://www.tripadvisor.co.uk/Hotels-g150800-oa60-Mexico_City_Central_Mexico_and_Gulf_Coast-Hotels.html","64. Sonder at Taman Condesa",""
"1690653932-155","https://www.tripadvisor.co.uk/Hotels-g150800-Mexico_City_Central_Mexico_and_Gulf_Coast-Hotels.html","3","https://www.tripadvisor.co.uk/Hotels-g150800-oa60-Mexico_City_Central_Mexico_and_Gulf_Coast-Hotels.html","65. Orchid House Polanco",""
"1690653932-156","https://www.tripadvisor.co.uk/Hotels-g150800-Mexico_City_Central_Mexico_and_Gulf_Coast-Hotels.html","3","https://www.tripadvisor.co.uk/Hotels-g150800-oa60-Mexico_City_Central_Mexico_and_Gulf_Coast-Hotels.html","66. City Centro Ciudad de Mexico",""
"1690653932-157","https://www.tripadvisor.co.uk/Hotels-g150800-Mexico_City_Central_Mexico_and_Gulf_Coast-Hotels.html","3","https://www.tripadvisor.co.uk/Hotels-g150800-oa60-Mexico_City_Central_Mexico_and_Gulf_Coast-Hotels.html","67. Maria Condesa Boutique Hotel",""
"1690653932-158","https://www.tripadvisor.co.uk/Hotels-g150800-Mexico_City_Central_Mexico_and_Gulf_Coast-Hotels.html","3","https://www.tripadvisor.co.uk/Hotels-g150800-oa60-Mexico_City_Central_Mexico_and_Gulf_Coast-Hotels.html","68. Hotel MX aeropuerto",""
"1690653932-159","https://www.tripadvisor.co.uk/Hotels-g150800-Mexico_City_Central_Mexico_and_Gulf_Coast-Hotels.html","3","https://www.tripadvisor.co.uk/Hotels-g150800-oa60-Mexico_City_Central_Mexico_and_Gulf_Coast-Hotels.html","69. City Express Plus Periferico Sur Tlalpan",""
"1690653932-160","https://www.tripadvisor.co.uk/Hotels-g150800-Mexico_City_Central_Mexico_and_Gulf_Coast-Hotels.html","3","https://www.tripadvisor.co.uk/Hotels-g150800-oa60-Mexico_City_Central_Mexico_and_Gulf_Coast-Hotels.html","70. Four Points by Sheraton Mexico City, Colonia Roma",""
"1690653932-161","https://www.tripadvisor.co.uk/Hotels-g150800-Mexico_City_Central_Mexico_and_Gulf_Coast-Hotels.html","3","https://www.tripadvisor.co.uk/Hotels-g150800-oa60-Mexico_City_Central_Mexico_and_Gulf_Coast-Hotels.html","71. Le Méridien Mexico City",""
"1690653932-162","https://www.tripadvisor.co.uk/Hotels-g150800-Mexico_City_Central_Mexico_and_Gulf_Coast-Hotels.html","3","https://www.tripadvisor.co.uk/Hotels-g150800-oa60-Mexico_City_Central_Mexico_and_Gulf_Coast-Hotels.html","72. Fiesta Americana Viaducto Aeropuerto",""
"1690653932-163","https://www.tripadvisor.co.uk/Hotels-g150800-Mexico_City_Central_Mexico_and_Gulf_Coast-Hotels.html","3","https://www.tripadvisor.co.uk/Hotels-g150800-oa60-Mexico_City_Central_Mexico_and_Gulf_Coast-Hotels.html","73. Fiesta Inn Centro Historico",""
"1690653932-164","https://www.tripadvisor.co.uk/Hotels-g150800-Mexico_City_Central_Mexico_and_Gulf_Coast-Hotels.html","3","https://www.tripadvisor.co.uk/Hotels-g150800-oa60-Mexico_City_Central_Mexico_and_Gulf_Coast-Hotels.html","74. NH Collection Mexico City Reforma",""
"1690653932-165","https://www.tripadvisor.co.uk/Hotels-g150800-Mexico_City_Central_Mexico_and_Gulf_Coast-Hotels.html","3","https://www.tripadvisor.co.uk/Hotels-g150800-oa60-Mexico_City_Central_Mexico_and_Gulf_Coast-Hotels.html","75. City Express EBC Reforma By Marriott",""
"1690653932-166","https://www.tripadvisor.co.uk/Hotels-g150800-Mexico_City_Central_Mexico_and_Gulf_Coast-Hotels.html","3","https://www.tripadvisor.co.uk/Hotels-g150800-oa60-Mexico_City_Central_Mexico_and_Gulf_Coast-Hotels.html","76. Krystal Grand Suites Insurgentes",""
"1690653932-167","https://www.tripadvisor.co.uk/Hotels-g150800-Mexico_City_Central_Mexico_and_Gulf_Coast-Hotels.html","3","https://www.tripadvisor.co.uk/Hotels-g150800-oa60-Mexico_City_Central_Mexico_and_Gulf_Coast-Hotels.html","77. The Paragon Hotel Mexico City Santa Fe By Accor",""
"1690653932-168","https://www.tripadvisor.co.uk/Hotels-g150800-Mexico_City_Central_Mexico_and_Gulf_Coast-Hotels.html","3","https://www.tripadvisor.co.uk/Hotels-g150800-oa60-Mexico_City_Central_Mexico_and_Gulf_Coast-Hotels.html","78. Hotel Plaza Revolucion",""
"1690653932-169","https://www.tripadvisor.co.uk/Hotels-g150800-Mexico_City_Central_Mexico_and_Gulf_Coast-Hotels.html","3","https://www.tripadvisor.co.uk/Hotels-g150800-oa60-Mexico_City_Central_Mexico_and_Gulf_Coast-Hotels.html","79. Hilton Garden Inn Mexico City Santa Fe",""
"1690653932-170","https://www.tripadvisor.co.uk/Hotels-g150800-Mexico_City_Central_Mexico_and_Gulf_Coast-Hotels.html","3","https://www.tripadvisor.co.uk/Hotels-g150800-oa60-Mexico_City_Central_Mexico_and_Gulf_Coast-Hotels.html","80. Suites Tennyson by BlueBay",""
"1690653932-171","https://www.tripadvisor.co.uk/Hotels-g150800-Mexico_City_Central_Mexico_and_Gulf_Coast-Hotels.html","3","https://www.tripadvisor.co.uk/Hotels-g150800-oa60-Mexico_City_Central_Mexico_and_Gulf_Coast-Hotels.html","81. Laila Hotel CDMX",""
"1690653932-172","https://www.tripadvisor.co.uk/Hotels-g150800-Mexico_City_Central_Mexico_and_Gulf_Coast-Hotels.html","3","https://www.tripadvisor.co.uk/Hotels-g150800-oa60-Mexico_City_Central_Mexico_and_Gulf_Coast-Hotels.html","82. Stara Boutique San Ángel Inn",""
"1690653932-173","https://www.tripadvisor.co.uk/Hotels-g150800-Mexico_City_Central_Mexico_and_Gulf_Coast-Hotels.html","3","https://www.tripadvisor.co.uk/Hotels-g150800-oa60-Mexico_City_Central_Mexico_and_Gulf_Coast-Hotels.html","83. Selina Mexico City Downtown",""
"1690653932-174","https://www.tripadvisor.co.uk/Hotels-g150800-Mexico_City_Central_Mexico_and_Gulf_Coast-Hotels.html","3","https://www.tripadvisor.co.uk/Hotels-g150800-oa60-Mexico_City_Central_Mexico_and_Gulf_Coast-Hotels.html","84. Holiday Inn Mexico Buenavista, an IHG Hotel",""
"1690653932-175","https://www.tripadvisor.co.uk/Hotels-g150800-Mexico_City_Central_Mexico_and_Gulf_Coast-Hotels.html","3","https://www.tripadvisor.co.uk/Hotels-g150800-oa60-Mexico_City_Central_Mexico_and_Gulf_Coast-Hotels.html","85. Hotel Astor",""
"1690653932-176","https://www.tripadvisor.co.uk/Hotels-g150800-Mexico_City_Central_Mexico_and_Gulf_Coast-Hotels.html","3","https://www.tripadvisor.co.uk/Hotels-g150800-oa60-Mexico_City_Central_Mexico_and_Gulf_Coast-Hotels.html","86. Sonder Cielo",""
"1690653932-177","https://www.tripadvisor.co.uk/Hotels-g150800-Mexico_City_Central_Mexico_and_Gulf_Coast-Hotels.html","3","https://www.tripadvisor.co.uk/Hotels-g150800-oa60-Mexico_City_Central_Mexico_and_Gulf_Coast-Hotels.html","87. Downtown Beds",""
"1690653932-178","https://www.tripadvisor.co.uk/Hotels-g150800-Mexico_City_Central_Mexico_and_Gulf_Coast-Hotels.html","3","https://www.tripadvisor.co.uk/Hotels-g150800-oa60-Mexico_City_Central_Mexico_and_Gulf_Coast-Hotels.html","88. Hostal Regina",""
"1690653932-179","https://www.tripadvisor.co.uk/Hotels-g150800-Mexico_City_Central_Mexico_and_Gulf_Coast-Hotels.html","3","https://www.tripadvisor.co.uk/Hotels-g150800-oa60-Mexico_City_Central_Mexico_and_Gulf_Coast-Hotels.html","89. Novotel Mexico City World Trade Center",""
"1690653932-180","https://www.tripadvisor.co.uk/Hotels-g150800-Mexico_City_Central_Mexico_and_Gulf_Coast-Hotels.html","3","https://www.tripadvisor.co.uk/Hotels-g150800-oa60-Mexico_City_Central_Mexico_and_Gulf_Coast-Hotels.html","90. Hotel Martí",""
"1690653932-181","https://www.tripadvisor.co.uk/Hotels-g150800-Mexico_City_Central_Mexico_and_Gulf_Coast-Hotels.html","3","https://www.tripadvisor.co.uk/Hotels-g150800-oa60-Mexico_City_Central_Mexico_and_Gulf_Coast-Hotels.html","","£219"
"1690653932-182","https://www.tripadvisor.co.uk/Hotels-g150800-Mexico_City_Central_Mexico_and_Gulf_Coast-Hotels.html","3","https://www.tripadvisor.co.uk/Hotels-g150800-oa60-Mexico_City_Central_Mexico_and_Gulf_Coast-Hotels.html","","£315"
"1690653932-183","https://www.tripadvisor.co.uk/Hotels-g150800-Mexico_City_Central_Mexico_and_Gulf_Coast-Hotels.html","3","https://www.tripadvisor.co.uk/Hotels-g150800-oa60-Mexico_City_Central_Mexico_and_Gulf_Coast-Hotels.html","","£223"
"1690653932-184","https://www.tripadvisor.co.uk/Hotels-g150800-Mexico_City_Central_Mexico_and_Gulf_Coast-Hotels.html","3","https://www.tripadvisor.co.uk/Hotels-g150800-oa60-Mexico_City_Central_Mexico_and_Gulf_Coast-Hotels.html","","£148"
"1690653932-185","https://www.tripadvisor.co.uk/Hotels-g150800-Mexico_City_Central_Mexico_and_Gulf_Coast-Hotels.html","3","https://www.tripadvisor.co.uk/Hotels-g150800-oa60-Mexico_City_Central_Mexico_and_Gulf_Coast-Hotels.html","","£198"
"1690653932-186","https://www.tripadvisor.co.uk/Hotels-g150800-Mexico_City_Central_Mexico_and_Gulf_Coast-Hotels.html","3","https://www.tripadvisor.co.uk/Hotels-g150800-oa60-Mexico_City_Central_Mexico_and_Gulf_Coast-Hotels.html","","£150"
"1690653932-187","https://www.tripadvisor.co.uk/Hotels-g150800-Mexico_City_Central_Mexico_and_Gulf_Coast-Hotels.html","3","https://www.tripadvisor.co.uk/Hotels-g150800-oa60-Mexico_City_Central_Mexico_and_Gulf_Coast-Hotels.html","","£107"
"1690653932-188","https://www.tripadvisor.co.uk/Hotels-g150800-Mexico_City_Central_Mexico_and_Gulf_Coast-Hotels.html","3","https://www.tripadvisor.co.uk/Hotels-g150800-oa60-Mexico_City_Central_Mexico_and_Gulf_Coast-Hotels.html","","£100"
"1690653932-189","https://www.tripadvisor.co.uk/Hotels-g150800-Mexico_City_Central_Mexico_and_Gulf_Coast-Hotels.html","3","https://www.tripadvisor.co.uk/Hotels-g150800-oa60-Mexico_City_Central_Mexico_and_Gulf_Coast-Hotels.html","","£82"
"1690653932-190","https://www.tripadvisor.co.uk/Hotels-g150800-Mexico_City_Central_Mexico_and_Gulf_Coast-Hotels.html","3","https://www.tripadvisor.co.uk/Hotels-g150800-oa60-Mexico_City_Central_Mexico_and_Gulf_Coast-Hotels.html","","£106"
"1690653932-191","https://www.tripadvisor.co.uk/Hotels-g150800-Mexico_City_Central_Mexico_and_Gulf_Coast-Hotels.html","3","https://www.tripadvisor.co.uk/Hotels-g150800-oa60-Mexico_City_Central_Mexico_and_Gulf_Coast-Hotels.html","","£129"
"1690653932-192","https://www.tripadvisor.co.uk/Hotels-g150800-Mexico_City_Central_Mexico_and_Gulf_Coast-Hotels.html","3","https://www.tripadvisor.co.uk/Hotels-g150800-oa60-Mexico_City_Central_Mexico_and_Gulf_Coast-Hotels.html","","£107"
"1690653932-193","https://www.tripadvisor.co.uk/Hotels-g150800-Mexico_City_Central_Mexico_and_Gulf_Coast-Hotels.html","3","https://www.tripadvisor.co.uk/Hotels-g150800-oa60-Mexico_City_Central_Mexico_and_Gulf_Coast-Hotels.html","","£127"
"1690653932-194","https://www.tripadvisor.co.uk/Hotels-g150800-Mexico_City_Central_Mexico_and_Gulf_Coast-Hotels.html","3","https://www.tripadvisor.co.uk/Hotels-g150800-oa60-Mexico_City_Central_Mexico_and_Gulf_Coast-Hotels.html","","£97"
"1690653932-195","https://www.tripadvisor.co.uk/Hotels-g150800-Mexico_City_Central_Mexico_and_Gulf_Coast-Hotels.html","3","https://www.tripadvisor.co.uk/Hotels-g150800-oa60-Mexico_City_Central_Mexico_and_Gulf_Coast-Hotels.html","","£91"
"1690653932-196","https://www.tripadvisor.co.uk/Hotels-g150800-Mexico_City_Central_Mexico_and_Gulf_Coast-Hotels.html","3","https://www.tripadvisor.co.uk/Hotels-g150800-oa60-Mexico_City_Central_Mexico_and_Gulf_Coast-Hotels.html","","£83"
"1690653932-197","https://www.tripadvisor.co.uk/Hotels-g150800-Mexico_City_Central_Mexico_and_Gulf_Coast-Hotels.html","3","https://www.tripadvisor.co.uk/Hotels-g150800-oa60-Mexico_City_Central_Mexico_and_Gulf_Coast-Hotels.html","","£75"
"1690653932-198","https://www.tripadvisor.co.uk/Hotels-g150800-Mexico_City_Central_Mexico_and_Gulf_Coast-Hotels.html","3","https://www.tripadvisor.co.uk/Hotels-g150800-oa60-Mexico_City_Central_Mexico_and_Gulf_Coast-Hotels.html","","£58"
"1690653932-199","https://www.tripadvisor.co.uk/Hotels-g150800-Mexico_City_Central_Mexico_and_Gulf_Coast-Hotels.html","3","https://www.tripadvisor.co.uk/Hotels-g150800-oa60-Mexico_City_Central_Mexico_and_Gulf_Coast-Hotels.html","","£69"
"1690653932-200","https://www.tripadvisor.co.uk/Hotels-g150800-Mexico_City_Central_Mexico_and_Gulf_Coast-Hotels.html","3","https://www.tripadvisor.co.uk/Hotels-g150800-oa60-Mexico_City_Central_Mexico_and_Gulf_Coast-Hotels.html","","£130"
"1690653932-201","https://www.tripadvisor.co.uk/Hotels-g150800-Mexico_City_Central_Mexico_and_Gulf_Coast-Hotels.html","3","https://www.tripadvisor.co.uk/Hotels-g150800-oa60-Mexico_City_Central_Mexico_and_Gulf_Coast-Hotels.html","","£80"
"1690653932-202","https://www.tripadvisor.co.uk/Hotels-g150800-Mexico_City_Central_Mexico_and_Gulf_Coast-Hotels.html","3","https://www.tripadvisor.co.uk/Hotels-g150800-oa60-Mexico_City_Central_Mexico_and_Gulf_Coast-Hotels.html","","£100"
"1690653932-203","https://www.tripadvisor.co.uk/Hotels-g150800-Mexico_City_Central_Mexico_and_Gulf_Coast-Hotels.html","3","https://www.tripadvisor.co.uk/Hotels-g150800-oa60-Mexico_City_Central_Mexico_and_Gulf_Coast-Hotels.html","","£54"
"1690653932-204","https://www.tripadvisor.co.uk/Hotels-g150800-Mexico_City_Central_Mexico_and_Gulf_Coast-Hotels.html","3","https://www.tripadvisor.co.uk/Hotels-g150800-oa60-Mexico_City_Central_Mexico_and_Gulf_Coast-Hotels.html","","£78"
"1690653932-205","https://www.tripadvisor.co.uk/Hotels-g150800-Mexico_City_Central_Mexico_and_Gulf_Coast-Hotels.html","3","https://www.tripadvisor.co.uk/Hotels-g150800-oa60-Mexico_City_Central_Mexico_and_Gulf_Coast-Hotels.html","","£54"
"1690653932-206","https://www.tripadvisor.co.uk/Hotels-g150800-Mexico_City_Central_Mexico_and_Gulf_Coast-Hotels.html","3","https://www.tripadvisor.co.uk/Hotels-g150800-oa60-Mexico_City_Central_Mexico_and_Gulf_Coast-Hotels.html","","£163"
"1690653932-207","https://www.tripadvisor.co.uk/Hotels-g150800-Mexico_City_Central_Mexico_and_Gulf_Coast-Hotels.html","3","https://www.tripadvisor.co.uk/Hotels-g150800-oa60-Mexico_City_Central_Mexico_and_Gulf_Coast-Hotels.html","","£35"
"1690653932-208","https://www.tripadvisor.co.uk/Hotels-g150800-Mexico_City_Central_Mexico_and_Gulf_Coast-Hotels.html","3","https://www.tripadvisor.co.uk/Hotels-g150800-oa60-Mexico_City_Central_Mexico_and_Gulf_Coast-Hotels.html","","£42"
"1690653932-209","https://www.tripadvisor.co.uk/Hotels-g150800-Mexico_City_Central_Mexico_and_Gulf_Coast-Hotels.html","3","https://www.tripadvisor.co.uk/Hotels-g150800-oa60-Mexico_City_Central_Mexico_and_Gulf_Coast-Hotels.html","","£86"
"1690653932-210","https://www.tripadvisor.co.uk/Hotels-g150800-Mexico_City_Central_Mexico_and_Gulf_Coast-Hotels.html","3","https://www.tripadvisor.co.uk/Hotels-g150800-oa60-Mexico_City_Central_Mexico_and_Gulf_Coast-Hotels.html","","£44"
"1690653942-211","https://www.tripadvisor.co.uk/Hotels-g150800-Mexico_City_Central_Mexico_and_Gulf_Coast-Hotels.html","2","https://www.tripadvisor.co.uk/Hotels-g150800-oa30-Mexico_City_Central_Mexico_and_Gulf_Coast-Hotels.html","31. Agata Hotel Boutique & Spa",""
"1690653942-212","https://www.tripadvisor.co.uk/Hotels-g150800-Mexico_City_Central_Mexico_and_Gulf_Coast-Hotels.html","2","https://www.tripadvisor.co.uk/Hotels-g150800-oa30-Mexico_City_Central_Mexico_and_Gulf_Coast-Hotels.html","32. Marquis Reforma Hotel & Spa",""
"1690653942-213","https://www.tripadvisor.co.uk/Hotels-g150800-Mexico_City_Central_Mexico_and_Gulf_Coast-Hotels.html","2","https://www.tripadvisor.co.uk/Hotels-g150800-oa30-Mexico_City_Central_Mexico_and_Gulf_Coast-Hotels.html","33. Fiesta Americana Reforma Ciudad de Mexico",""
"1690653942-214","https://www.tripadvisor.co.uk/Hotels-g150800-Mexico_City_Central_Mexico_and_Gulf_Coast-Hotels.html","2","https://www.tripadvisor.co.uk/Hotels-g150800-oa30-Mexico_City_Central_Mexico_and_Gulf_Coast-Hotels.html","34. Isaaya Hotel Boutique",""
"1690653942-215","https://www.tripadvisor.co.uk/Hotels-g150800-Mexico_City_Central_Mexico_and_Gulf_Coast-Hotels.html","2","https://www.tripadvisor.co.uk/Hotels-g150800-oa30-Mexico_City_Central_Mexico_and_Gulf_Coast-Hotels.html","35. Hotel El Ejecutivo by Reforma Avenue",""
"1690653942-216","https://www.tripadvisor.co.uk/Hotels-g150800-Mexico_City_Central_Mexico_and_Gulf_Coast-Hotels.html","2","https://www.tripadvisor.co.uk/Hotels-g150800-oa30-Mexico_City_Central_Mexico_and_Gulf_Coast-Hotels.html","36. Casa Jacinta Guest House",""
"1690653942-217","https://www.tripadvisor.co.uk/Hotels-g150800-Mexico_City_Central_Mexico_and_Gulf_Coast-Hotels.html","2","https://www.tripadvisor.co.uk/Hotels-g150800-oa30-Mexico_City_Central_Mexico_and_Gulf_Coast-Hotels.html","37. JW Marriott Hotel Mexico City Santa Fe",""
"1690653942-218","https://www.tripadvisor.co.uk/Hotels-g150800-Mexico_City_Central_Mexico_and_Gulf_Coast-Hotels.html","2","https://www.tripadvisor.co.uk/Hotels-g150800-oa30-Mexico_City_Central_Mexico_and_Gulf_Coast-Hotels.html","38. Hotel Novit",""
"1690653942-219","https://www.tripadvisor.co.uk/Hotels-g150800-Mexico_City_Central_Mexico_and_Gulf_Coast-Hotels.html","2","https://www.tripadvisor.co.uk/Hotels-g150800-oa30-Mexico_City_Central_Mexico_and_Gulf_Coast-Hotels.html","39. City Express Plus Reforma El Angel",""
"1690653942-220","https://www.tripadvisor.co.uk/Hotels-g150800-Mexico_City_Central_Mexico_and_Gulf_Coast-Hotels.html","2","https://www.tripadvisor.co.uk/Hotels-g150800-oa30-Mexico_City_Central_Mexico_and_Gulf_Coast-Hotels.html","40. Galería Plaza San Jerónimo",""
"1690653942-221","https://www.tripadvisor.co.uk/Hotels-g150800-Mexico_City_Central_Mexico_and_Gulf_Coast-Hotels.html","2","https://www.tripadvisor.co.uk/Hotels-g150800-oa30-Mexico_City_Central_Mexico_and_Gulf_Coast-Hotels.html","41. Organico Hotel Boutique",""
"1690653942-222","https://www.tripadvisor.co.uk/Hotels-g150800-Mexico_City_Central_Mexico_and_Gulf_Coast-Hotels.html","2","https://www.tripadvisor.co.uk/Hotels-g150800-oa30-Mexico_City_Central_Mexico_and_Gulf_Coast-Hotels.html","42. InterContinental Presidente Mexico City",""
"1690653942-223","https://www.tripadvisor.co.uk/Hotels-g150800-Mexico_City_Central_Mexico_and_Gulf_Coast-Hotels.html","2","https://www.tripadvisor.co.uk/Hotels-g150800-oa30-Mexico_City_Central_Mexico_and_Gulf_Coast-Hotels.html","43. The Alest Hotel",""
"1690653942-224","https://www.tripadvisor.co.uk/Hotels-g150800-Mexico_City_Central_Mexico_and_Gulf_Coast-Hotels.html","2","https://www.tripadvisor.co.uk/Hotels-g150800-oa30-Mexico_City_Central_Mexico_and_Gulf_Coast-Hotels.html","44. Casa Comtesse",""
"1690653942-225","https://www.tripadvisor.co.uk/Hotels-g150800-Mexico_City_Central_Mexico_and_Gulf_Coast-Hotels.html","2","https://www.tripadvisor.co.uk/Hotels-g150800-oa30-Mexico_City_Central_Mexico_and_Gulf_Coast-Hotels.html","45. Holiday Inn Express Mexico Reforma, an IHG Hotel",""
"1690653942-226","https://www.tripadvisor.co.uk/Hotels-g150800-Mexico_City_Central_Mexico_and_Gulf_Coast-Hotels.html","2","https://www.tripadvisor.co.uk/Hotels-g150800-oa30-Mexico_City_Central_Mexico_and_Gulf_Coast-Hotels.html","46. Cadillac Hotel Boutique",""
"1690653942-227","https://www.tripadvisor.co.uk/Hotels-g150800-Mexico_City_Central_Mexico_and_Gulf_Coast-Hotels.html","2","https://www.tripadvisor.co.uk/Hotels-g150800-oa30-Mexico_City_Central_Mexico_and_Gulf_Coast-Hotels.html","47. Hotel Geneve Mexico City",""
"1690653942-228","https://www.tripadvisor.co.uk/Hotels-g150800-Mexico_City_Central_Mexico_and_Gulf_Coast-Hotels.html","2","https://www.tripadvisor.co.uk/Hotels-g150800-oa30-Mexico_City_Central_Mexico_and_Gulf_Coast-Hotels.html","48. Be Mate Masaryk - Apartments",""
"1690653942-229","https://www.tripadvisor.co.uk/Hotels-g150800-Mexico_City_Central_Mexico_and_Gulf_Coast-Hotels.html","2","https://www.tripadvisor.co.uk/Hotels-g150800-oa30-Mexico_City_Central_Mexico_and_Gulf_Coast-Hotels.html","49. Camino Real Santa Fe",""
"1690653942-230","https://www.tripadvisor.co.uk/Hotels-g150800-Mexico_City_Central_Mexico_and_Gulf_Coast-Hotels.html","2","https://www.tripadvisor.co.uk/Hotels-g150800-oa30-Mexico_City_Central_Mexico_and_Gulf_Coast-Hotels.html","50. The Westin Santa Fe, Mexico City",""
"1690653942-231","https://www.tripadvisor.co.uk/Hotels-g150800-Mexico_City_Central_Mexico_and_Gulf_Coast-Hotels.html","2","https://www.tripadvisor.co.uk/Hotels-g150800-oa30-Mexico_City_Central_Mexico_and_Gulf_Coast-Hotels.html","51. Stanza Hotel",""
"1690653942-232","https://www.tripadvisor.co.uk/Hotels-g150800-Mexico_City_Central_Mexico_and_Gulf_Coast-Hotels.html","2","https://www.tripadvisor.co.uk/Hotels-g150800-oa30-Mexico_City_Central_Mexico_and_Gulf_Coast-Hotels.html","52. Casa Pepe",""
"1690653942-233","https://www.tripadvisor.co.uk/Hotels-g150800-Mexico_City_Central_Mexico_and_Gulf_Coast-Hotels.html","2","https://www.tripadvisor.co.uk/Hotels-g150800-oa30-Mexico_City_Central_Mexico_and_Gulf_Coast-Hotels.html","53. Wyndham Garden Mexico City - Reforma",""
"1690653942-234","https://www.tripadvisor.co.uk/Hotels-g150800-Mexico_City_Central_Mexico_and_Gulf_Coast-Hotels.html","2","https://www.tripadvisor.co.uk/Hotels-g150800-oa30-Mexico_City_Central_Mexico_and_Gulf_Coast-Hotels.html","54. Casa Prim Hotel Boutique",""
"1690653942-235","https://www.tripadvisor.co.uk/Hotels-g150800-Mexico_City_Central_Mexico_and_Gulf_Coast-Hotels.html","2","https://www.tripadvisor.co.uk/Hotels-g150800-oa30-Mexico_City_Central_Mexico_and_Gulf_Coast-Hotels.html","55. Fiesta Inn Insurgentes Sur",""
"1690653942-236","https://www.tripadvisor.co.uk/Hotels-g150800-Mexico_City_Central_Mexico_and_Gulf_Coast-Hotels.html","2","https://www.tripadvisor.co.uk/Hotels-g150800-oa30-Mexico_City_Central_Mexico_and_Gulf_Coast-Hotels.html","56. Hotel Escala Siglo XXI",""
"1690653942-237","https://www.tripadvisor.co.uk/Hotels-g150800-Mexico_City_Central_Mexico_and_Gulf_Coast-Hotels.html","2","https://www.tripadvisor.co.uk/Hotels-g150800-oa30-Mexico_City_Central_Mexico_and_Gulf_Coast-Hotels.html","57. Hotel Casa Blanca",""
"1690653942-238","https://www.tripadvisor.co.uk/Hotels-g150800-Mexico_City_Central_Mexico_and_Gulf_Coast-Hotels.html","2","https://www.tripadvisor.co.uk/Hotels-g150800-oa30-Mexico_City_Central_Mexico_and_Gulf_Coast-Hotels.html","58. La Casita De Coyoacan",""
"1690653942-239","https://www.tripadvisor.co.uk/Hotels-g150800-Mexico_City_Central_Mexico_and_Gulf_Coast-Hotels.html","2","https://www.tripadvisor.co.uk/Hotels-g150800-oa30-Mexico_City_Central_Mexico_and_Gulf_Coast-Hotels.html","59. Econo Express Hotel",""
"1690653942-240","https://www.tripadvisor.co.uk/Hotels-g150800-Mexico_City_Central_Mexico_and_Gulf_Coast-Hotels.html","2","https://www.tripadvisor.co.uk/Hotels-g150800-oa30-Mexico_City_Central_Mexico_and_Gulf_Coast-Hotels.html","60. City Express Suites Santa Fe",""
"1690653942-241","https://www.tripadvisor.co.uk/Hotels-g150800-Mexico_City_Central_Mexico_and_Gulf_Coast-Hotels.html","2","https://www.tripadvisor.co.uk/Hotels-g150800-oa30-Mexico_City_Central_Mexico_and_Gulf_Coast-Hotels.html","","£276"
"1690653942-242","https://www.tripadvisor.co.uk/Hotels-g150800-Mexico_City_Central_Mexico_and_Gulf_Coast-Hotels.html","2","https://www.tripadvisor.co.uk/Hotels-g150800-oa30-Mexico_City_Central_Mexico_and_Gulf_Coast-Hotels.html","","£144"
"1690653942-243","https://www.tripadvisor.co.uk/Hotels-g150800-Mexico_City_Central_Mexico_and_Gulf_Coast-Hotels.html","2","https://www.tripadvisor.co.uk/Hotels-g150800-oa30-Mexico_City_Central_Mexico_and_Gulf_Coast-Hotels.html","","£101"
"1690653942-244","https://www.tripadvisor.co.uk/Hotels-g150800-Mexico_City_Central_Mexico_and_Gulf_Coast-Hotels.html","2","https://www.tripadvisor.co.uk/Hotels-g150800-oa30-Mexico_City_Central_Mexico_and_Gulf_Coast-Hotels.html","","£94"
"1690653942-245","https://www.tripadvisor.co.uk/Hotels-g150800-Mexico_City_Central_Mexico_and_Gulf_Coast-Hotels.html","2","https://www.tripadvisor.co.uk/Hotels-g150800-oa30-Mexico_City_Central_Mexico_and_Gulf_Coast-Hotels.html","","£62"
"1690653942-246","https://www.tripadvisor.co.uk/Hotels-g150800-Mexico_City_Central_Mexico_and_Gulf_Coast-Hotels.html","2","https://www.tripadvisor.co.uk/Hotels-g150800-oa30-Mexico_City_Central_Mexico_and_Gulf_Coast-Hotels.html","","£134"
"1690653942-247","https://www.tripadvisor.co.uk/Hotels-g150800-Mexico_City_Central_Mexico_and_Gulf_Coast-Hotels.html","2","https://www.tripadvisor.co.uk/Hotels-g150800-oa30-Mexico_City_Central_Mexico_and_Gulf_Coast-Hotels.html","","£176"
"1690653942-248","https://www.tripadvisor.co.uk/Hotels-g150800-Mexico_City_Central_Mexico_and_Gulf_Coast-Hotels.html","2","https://www.tripadvisor.co.uk/Hotels-g150800-oa30-Mexico_City_Central_Mexico_and_Gulf_Coast-Hotels.html","","£91"
"1690653942-249","https://www.tripadvisor.co.uk/Hotels-g150800-Mexico_City_Central_Mexico_and_Gulf_Coast-Hotels.html","2","https://www.tripadvisor.co.uk/Hotels-g150800-oa30-Mexico_City_Central_Mexico_and_Gulf_Coast-Hotels.html","","£100"
"1690653942-250","https://www.tripadvisor.co.uk/Hotels-g150800-Mexico_City_Central_Mexico_and_Gulf_Coast-Hotels.html","2","https://www.tripadvisor.co.uk/Hotels-g150800-oa30-Mexico_City_Central_Mexico_and_Gulf_Coast-Hotels.html","","£121"
"1690653942-251","https://www.tripadvisor.co.uk/Hotels-g150800-Mexico_City_Central_Mexico_and_Gulf_Coast-Hotels.html","2","https://www.tripadvisor.co.uk/Hotels-g150800-oa30-Mexico_City_Central_Mexico_and_Gulf_Coast-Hotels.html","","£308"
"1690653942-252","https://www.tripadvisor.co.uk/Hotels-g150800-Mexico_City_Central_Mexico_and_Gulf_Coast-Hotels.html","2","https://www.tripadvisor.co.uk/Hotels-g150800-oa30-Mexico_City_Central_Mexico_and_Gulf_Coast-Hotels.html","","£189"
"1690653942-253","https://www.tripadvisor.co.uk/Hotels-g150800-Mexico_City_Central_Mexico_and_Gulf_Coast-Hotels.html","2","https://www.tripadvisor.co.uk/Hotels-g150800-oa30-Mexico_City_Central_Mexico_and_Gulf_Coast-Hotels.html","","£352"
"1690653942-254","https://www.tripadvisor.co.uk/Hotels-g150800-Mexico_City_Central_Mexico_and_Gulf_Coast-Hotels.html","2","https://www.tripadvisor.co.uk/Hotels-g150800-oa30-Mexico_City_Central_Mexico_and_Gulf_Coast-Hotels.html","","£76"
"1690653942-255","https://www.tripadvisor.co.uk/Hotels-g150800-Mexico_City_Central_Mexico_and_Gulf_Coast-Hotels.html","2","https://www.tripadvisor.co.uk/Hotels-g150800-oa30-Mexico_City_Central_Mexico_and_Gulf_Coast-Hotels.html","","£129"
"1690653942-256","https://www.tripadvisor.co.uk/Hotels-g150800-Mexico_City_Central_Mexico_and_Gulf_Coast-Hotels.html","2","https://www.tripadvisor.co.uk/Hotels-g150800-oa30-Mexico_City_Central_Mexico_and_Gulf_Coast-Hotels.html","","£335"
"1690653942-257","https://www.tripadvisor.co.uk/Hotels-g150800-Mexico_City_Central_Mexico_and_Gulf_Coast-Hotels.html","2","https://www.tripadvisor.co.uk/Hotels-g150800-oa30-Mexico_City_Central_Mexico_and_Gulf_Coast-Hotels.html","","£100"
"1690653942-258","https://www.tripadvisor.co.uk/Hotels-g150800-Mexico_City_Central_Mexico_and_Gulf_Coast-Hotels.html","2","https://www.tripadvisor.co.uk/Hotels-g150800-oa30-Mexico_City_Central_Mexico_and_Gulf_Coast-Hotels.html","","£103"
"1690653942-259","https://www.tripadvisor.co.uk/Hotels-g150800-Mexico_City_Central_Mexico_and_Gulf_Coast-Hotels.html","2","https://www.tripadvisor.co.uk/Hotels-g150800-oa30-Mexico_City_Central_Mexico_and_Gulf_Coast-Hotels.html","","£73"
"1690653942-260","https://www.tripadvisor.co.uk/Hotels-g150800-Mexico_City_Central_Mexico_and_Gulf_Coast-Hotels.html","2","https://www.tripadvisor.co.uk/Hotels-g150800-oa30-Mexico_City_Central_Mexico_and_Gulf_Coast-Hotels.html","","£148"
"1690653942-261","https://www.tripadvisor.co.uk/Hotels-g150800-Mexico_City_Central_Mexico_and_Gulf_Coast-Hotels.html","2","https://www.tripadvisor.co.uk/Hotels-g150800-oa30-Mexico_City_Central_Mexico_and_Gulf_Coast-Hotels.html","","£74"
"1690653942-262","https://www.tripadvisor.co.uk/Hotels-g150800-Mexico_City_Central_Mexico_and_Gulf_Coast-Hotels.html","2","https://www.tripadvisor.co.uk/Hotels-g150800-oa30-Mexico_City_Central_Mexico_and_Gulf_Coast-Hotels.html","","£94"
"1690653942-263","https://www.tripadvisor.co.uk/Hotels-g150800-Mexico_City_Central_Mexico_and_Gulf_Coast-Hotels.html","2","https://www.tripadvisor.co.uk/Hotels-g150800-oa30-Mexico_City_Central_Mexico_and_Gulf_Coast-Hotels.html","","£69"
"1690653942-264","https://www.tripadvisor.co.uk/Hotels-g150800-Mexico_City_Central_Mexico_and_Gulf_Coast-Hotels.html","2","https://www.tripadvisor.co.uk/Hotels-g150800-oa30-Mexico_City_Central_Mexico_and_Gulf_Coast-Hotels.html","","£105"
"1690653942-265","https://www.tripadvisor.co.uk/Hotels-g150800-Mexico_City_Central_Mexico_and_Gulf_Coast-Hotels.html","2","https://www.tripadvisor.co.uk/Hotels-g150800-oa30-Mexico_City_Central_Mexico_and_Gulf_Coast-Hotels.html","","£93"
"1690653942-266","https://www.tripadvisor.co.uk/Hotels-g150800-Mexico_City_Central_Mexico_and_Gulf_Coast-Hotels.html","2","https://www.tripadvisor.co.uk/Hotels-g150800-oa30-Mexico_City_Central_Mexico_and_Gulf_Coast-Hotels.html","","£34"
"1690653942-267","https://www.tripadvisor.co.uk/Hotels-g150800-Mexico_City_Central_Mexico_and_Gulf_Coast-Hotels.html","2","https://www.tripadvisor.co.uk/Hotels-g150800-oa30-Mexico_City_Central_Mexico_and_Gulf_Coast-Hotels.html","","£67"
"1690653942-268","https://www.tripadvisor.co.uk/Hotels-g150800-Mexico_City_Central_Mexico_and_Gulf_Coast-Hotels.html","2","https://www.tripadvisor.co.uk/Hotels-g150800-oa30-Mexico_City_Central_Mexico_and_Gulf_Coast-Hotels.html","","£54"
"1690653942-269","https://www.tripadvisor.co.uk/Hotels-g150800-Mexico_City_Central_Mexico_and_Gulf_Coast-Hotels.html","2","https://www.tripadvisor.co.uk/Hotels-g150800-oa30-Mexico_City_Central_Mexico_and_Gulf_Coast-Hotels.html","","£52"
"1690653942-270","https://www.tripadvisor.co.uk/Hotels-g150800-Mexico_City_Central_Mexico_and_Gulf_Coast-Hotels.html","2","https://www.tripadvisor.co.uk/Hotels-g150800-oa30-Mexico_City_Central_Mexico_and_Gulf_Coast-Hotels.html","","£78"
